Fecha,Libro,Precio
2024-11-16,Entremuros,14370
2024-11-16,El pájaro que bebe lágrimas,28670
2024-11-16,La era del mito,18720
2024-11-16,El límite del cielo,21490
2024-11-17,Entremuros,14370
2024-11-17,El pájaro que bebe lágrimas,28670
2024-11-17,La era del mito,18720
2024-11-17,El límite del cielo,21490
2024-11-17,Entremuros,14370
2024-11-17,El pájaro que bebe lágrimas,28670
2024-11-17,La era del mito,18720
2024-11-17,El límite del cielo,21490
2024-11-17,Entremuros,14370
2024-11-17,El pájaro que bebe lágrimas,28670
2024-11-17,La era del mito,18720
2024-11-17,El límite del cielo,21490
2024-11-17,Entremuros,14370
2024-11-17,El pájaro que bebe lágrimas,28670
2024-11-17,La era del mito,18720
2024-11-17,El límite del cielo,21490
2024-11-17,Entremuros,14370
2024-11-17,El pájaro que bebe lágrimas,28670
2024-11-17,La era del mito,18720
2024-11-17,El límite del cielo,21490
2024-11-17,Entremuros,14370
2024-11-17,El pájaro que bebe lágrimas,28670
2024-11-17,La era del mito,18720
2024-11-17,El límite del cielo,21490
2024-11-17,Entremuros,14370
2024-11-17,El pájaro que bebe lágrimas,28670
2024-11-17,La era del mito,18720
2024-11-17,El límite del cielo,21490
2024-11-17,Entremuros,14370
2024-11-17,El pájaro que bebe lágrimas,28670
2024-11-17,La era del mito,18720
2024-11-17,El límite del cielo,21490
2024-11-17,Entremuros,14370
2024-11-17,El pájaro que bebe lágrimas,28670
2024-11-17,La era del mito,18720
2024-11-17,El límite del cielo,21490
